{
    "models_error_rates": [
        [
            0.03997923156801664
        ],
        [
            0.07398753894081
        ],
        [
            0.054906542056074814
        ],
        [
            0.04166666666666663
        ],
        [
            0.041536863966770476
        ]
    ],
    "models_actual_DCFs": [
        [
            0.37213800904977373
        ],
        [
            0.2815610859728507
        ],
        [
            0.2599660633484163
        ],
        [
            0.285026395173454
        ],
        [
            0.47700980392156866
        ]
    ],
    "models_min_DCFs": [
        [
            0.24454939668174963
        ],
        [
            0.2664460784313725
        ],
        [
            0.25107088989441934
        ],
        [
            0.25041478129713424
        ],
        [
            0.2397680995475113
        ]
    ],
    "classifiers": [
        "Poly (d=2, c=1.0) Support Vector Machine Classifier (c=0.01, k=1.0, 6-PCA)",
        "Poly (d=2, c=1.0) Support Vector Machine Classifier (c=0.01, k=1.0, 6-PCA) - class rebalancing (pi_1 = 0.050000)",
        "Poly (d=2, c=1.0) Support Vector Machine Classifier (c=0.01, k=1.0, 6-PCA) - class rebalancing (pi_1 = 0.090909)",
        "Poly (d=2, c=1.0) Support Vector Machine Classifier (c=0.01, k=1.0, 6-PCA) - class rebalancing (pi_1 = 0.200000)",
        "Poly (d=2, c=1.0) Support Vector Machine Classifier (c=0.01, k=1.0, 6-PCA) - class rebalancing (pi_1 = 0.500000)"
    ],
    "working_points": [
        [
            0.5,
            1.0,
            10.0
        ]
    ]
}