{
    "models_error_rates": [
        [
            0.06632917964693663
        ],
        [
            0.0613966770508827
        ],
        [
            0.05231048805815164
        ],
        [
            0.04867601246105924
        ],
        [
            0.049844236760124616
        ],
        [
            0.06957424714434057
        ],
        [
            0.06451194184839049
        ],
        [
            0.05386812045690548
        ],
        [
            0.05153167185877461
        ],
        [
            0.051791277258567026
        ],
        [
            0.07359813084112155
        ],
        [
            0.06996365524402903
        ],
        [
            0.05763239875389403
        ],
        [
            0.05542575285565943
        ],
        [
            0.0546469366562824
        ],
        [
            0.08307372793354106
        ],
        [
            0.07645379023883692
        ],
        [
            0.06516095534787125
        ],
        [
            0.06178608515057116
        ],
        [
            0.0580218068535826
        ],
        [
            0.09942886812045693
        ],
        [
            0.0933281412253375
        ],
        [
            0.08021806853582558
        ],
        [
            0.0771028037383178
        ],
        [
            0.06983385254413288
        ]
    ],
    "models_actual_DCFs": [
        [
            0.2834144042232277
        ],
        [
            0.24701923076923077
        ],
        [
            0.23988310708898944
        ],
        [
            0.23262254901960783
        ],
        [
            0.2980580693815988
        ],
        [
            0.29383107088989446
        ],
        [
            0.2599566365007542
        ],
        [
            0.24194570135746604
        ],
        [
            0.2403205128205128
        ],
        [
            0.29696455505279035
        ],
        [
            0.302341628959276
        ],
        [
            0.27892533936651587
        ],
        [
            0.24962292609351433
        ],
        [
            0.24988310708898945
        ],
        [
            0.2987877073906485
        ],
        [
            0.3268834841628959
        ],
        [
            0.30122737556561086
        ],
        [
            0.2664460784313725
        ],
        [
            0.2673623680241327
        ],
        [
            0.28759049773755657
        ],
        [
            0.3735086726998492
        ],
        [
            0.34364441930618406
        ],
        [
            0.30302978883861237
        ],
        [
            0.30771681749622926
        ],
        [
            0.312288838612368
        ]
    ],
    "models_min_DCFs": [
        [
            0.27637254901960784
        ],
        [
            0.24493589743589744
        ],
        [
            0.22012254901960784
        ],
        [
            0.2279242081447964
        ],
        [
            0.29154788838612367
        ],
        [
            0.2879034690799397
        ],
        [
            0.24514328808446456
        ],
        [
            0.22937217194570136
        ],
        [
            0.23707013574660635
        ],
        [
            0.29573529411764704
        ],
        [
            0.2944871794871795
        ],
        [
            0.2425603318250377
        ],
        [
            0.23853883861236802
        ],
        [
            0.24571644042232277
        ],
        [
            0.2877884615384615
        ],
        [
            0.31617458521870284
        ],
        [
            0.26889328808446455
        ],
        [
            0.2526640271493213
        ],
        [
            0.26480957767722474
        ],
        [
            0.2854449472096531
        ],
        [
            0.3304128959276018
        ],
        [
            0.2989441930618401
        ],
        [
            0.2732786576168929
        ],
        [
            0.277288838612368
        ],
        [
            0.30699660633484166
        ]
    ],
    "classifiers": [
        "GMM classifier (TC: #1 - FC: #1) - with min eigenvalues 0.010000",
        "GMM classifier (TC: #1 - FC: #2) - with min eigenvalues 0.010000",
        "GMM classifier (TC: #1 - FC: #4) - with min eigenvalues 0.010000",
        "GMM classifier (TC: #1 - FC: #8) - with min eigenvalues 0.010000",
        "GMM classifier (TC: #1 - FC: #16) - with min eigenvalues 0.010000",
        "GMM classifier (TC: #2 - FC: #1) - with min eigenvalues 0.010000",
        "GMM classifier (TC: #2 - FC: #2) - with min eigenvalues 0.010000",
        "GMM classifier (TC: #2 - FC: #4) - with min eigenvalues 0.010000",
        "GMM classifier (TC: #2 - FC: #8) - with min eigenvalues 0.010000",
        "GMM classifier (TC: #2 - FC: #16) - with min eigenvalues 0.010000",
        "GMM classifier (TC: #4 - FC: #1) - with min eigenvalues 0.010000",
        "GMM classifier (TC: #4 - FC: #2) - with min eigenvalues 0.010000",
        "GMM classifier (TC: #4 - FC: #4) - with min eigenvalues 0.010000",
        "GMM classifier (TC: #4 - FC: #8) - with min eigenvalues 0.010000",
        "GMM classifier (TC: #4 - FC: #16) - with min eigenvalues 0.010000",
        "GMM classifier (TC: #8 - FC: #1) - with min eigenvalues 0.010000",
        "GMM classifier (TC: #8 - FC: #2) - with min eigenvalues 0.010000",
        "GMM classifier (TC: #8 - FC: #4) - with min eigenvalues 0.010000",
        "GMM classifier (TC: #8 - FC: #8) - with min eigenvalues 0.010000",
        "GMM classifier (TC: #8 - FC: #16) - with min eigenvalues 0.010000",
        "GMM classifier (TC: #16 - FC: #1) - with min eigenvalues 0.010000",
        "GMM classifier (TC: #16 - FC: #2) - with min eigenvalues 0.010000",
        "GMM classifier (TC: #16 - FC: #4) - with min eigenvalues 0.010000",
        "GMM classifier (TC: #16 - FC: #8) - with min eigenvalues 0.010000",
        "GMM classifier (TC: #16 - FC: #16) - with min eigenvalues 0.010000"
    ],
    "working_points": [
        [
            0.5,
            1.0,
            10.0
        ]
    ]
}