{
    "models_error_rates": [
        [
            0.048935617860851544
        ],
        [
            0.04958463136033231
        ],
        [
            0.052180685358255485
        ],
        [
            0.05205088265835933
        ],
        [
            0.048935617860851544
        ],
        [
            0.048286604361370666
        ],
        [
            0.05166147455867087
        ],
        [
            0.051401869158878455
        ]
    ],
    "models_actual_DCFs": [
        [
            0.22023755656108596
        ],
        [
            0.23260180995475113
        ],
        [
            0.22771681749622927
        ],
        [
            0.23464366515837104
        ],
        [
            0.22317496229260936
        ],
        [
            0.22843514328808445
        ],
        [
            0.21870663650075417
        ],
        [
            0.2340290346907994
        ]
    ],
    "models_min_DCFs": [
        [
            0.21876885369532428
        ],
        [
            0.22687217194570136
        ],
        [
            0.22368589743589742
        ],
        [
            0.23142533936651583
        ],
        [
            0.2183521870286576
        ],
        [
            0.21915346907993966
        ],
        [
            0.21787330316742082
        ],
        [
            0.22161199095022624
        ]
    ],
    "classifiers": [
        "GMM classifier (TC: #1 - FC: #4), 9-PCA - with min eigenvalues 0.010000",
        "GMM classifier (TC: #1 - FC: #8), 9-PCA - with min eigenvalues 0.010000",
        "GMM classifier (TC: #2 - FC: #4), 9-PCA - with min eigenvalues 0.010000",
        "GMM classifier (TC: #2 - FC: #8), 9-PCA - with min eigenvalues 0.010000",
        "GMM classifier (TC: #1 - FC: #4), 8-PCA - with min eigenvalues 0.010000",
        "GMM classifier (TC: #1 - FC: #8), 8-PCA - with min eigenvalues 0.010000",
        "GMM classifier (TC: #2 - FC: #4), 8-PCA - with min eigenvalues 0.010000",
        "GMM classifier (TC: #2 - FC: #8), 8-PCA - with min eigenvalues 0.010000"
    ],
    "working_points": [
        [
            0.5,
            1.0,
            10.0
        ]
    ]
}