{
    "models_error_rates": [
        [
            0.048935617860851544
        ],
        [
            0.053348909657320864
        ],
        [
            0.04841640706126682
        ],
        [
            0.06931464174454827
        ],
        [
            0.048935617860851544
        ],
        [
            0.053348909657320864
        ],
        [
            0.04841640706126682
        ],
        [
            0.06931464174454827
        ],
        [
            0.053738317757009324
        ],
        [
            0.05503634475597097
        ],
        [
            0.05075285565939769
        ],
        [
            0.07139148494288683
        ],
        [
            0.053738317757009324
        ],
        [
            0.05503634475597097
        ],
        [
            0.05075285565939769
        ],
        [
            0.07139148494288683
        ]
    ],
    "models_actual_DCFs": [
        [
            0.22317496229260936
        ],
        [
            0.23734162895927602
        ],
        [
            0.2332579185520362
        ],
        [
            0.28418552036199096
        ],
        [
            0.22317496229260936
        ],
        [
            0.23734162895927602
        ],
        [
            0.2332579185520362
        ],
        [
            0.28418552036199096
        ],
        [
            0.238591628959276
        ],
        [
            0.24128959276018097
        ],
        [
            0.24663273001508296
        ],
        [
            0.28497737556561087
        ],
        [
            0.238591628959276
        ],
        [
            0.24128959276018097
        ],
        [
            0.24663273001508296
        ],
        [
            0.28497737556561087
        ]
    ],
    "models_min_DCFs": [
        [
            0.2183521870286576
        ],
        [
            0.2280184766214178
        ],
        [
            0.22860105580693815
        ],
        [
            0.257434012066365
        ],
        [
            0.2183521870286576
        ],
        [
            0.2280184766214178
        ],
        [
            0.22860105580693815
        ],
        [
            0.257434012066365
        ],
        [
            0.233591628959276
        ],
        [
            0.23758107088989444
        ],
        [
            0.24317496229260932
        ],
        [
            0.26381975867269986
        ],
        [
            0.233591628959276
        ],
        [
            0.23758107088989444
        ],
        [
            0.24317496229260932
        ],
        [
            0.26381975867269986
        ]
    ],
    "classifiers": [
        "GMM classifier (TC: #1 - FC: #4), 8-PCA - with min eigenvalues 0.010000",
        "GMM classifier (TC: #1 - FC: #4 (T)), 8-PCA - with min eigenvalues 0.010000",
        "GMM classifier (TC: #1 - FC: #4 (D)), 8-PCA - with min eigenvalues 0.010000",
        "GMM classifier (TC: #1 - FC: #4 (DT)), 8-PCA - with min eigenvalues 0.010000",
        "GMM classifier (TC: #1 (T) - FC: #4), 8-PCA - with min eigenvalues 0.010000",
        "GMM classifier (TC: #1 (T) - FC: #4 (T)), 8-PCA - with min eigenvalues 0.010000",
        "GMM classifier (TC: #1 (T) - FC: #4 (D)), 8-PCA - with min eigenvalues 0.010000",
        "GMM classifier (TC: #1 (T) - FC: #4 (DT)), 8-PCA - with min eigenvalues 0.010000",
        "GMM classifier (TC: #1 (D) - FC: #4), 8-PCA - with min eigenvalues 0.010000",
        "GMM classifier (TC: #1 (D) - FC: #4 (T)), 8-PCA - with min eigenvalues 0.010000",
        "GMM classifier (TC: #1 (D) - FC: #4 (D)), 8-PCA - with min eigenvalues 0.010000",
        "GMM classifier (TC: #1 (D) - FC: #4 (DT)), 8-PCA - with min eigenvalues 0.010000",
        "GMM classifier (TC: #1 (DT) - FC: #4), 8-PCA - with min eigenvalues 0.010000",
        "GMM classifier (TC: #1 (DT) - FC: #4 (T)), 8-PCA - with min eigenvalues 0.010000",
        "GMM classifier (TC: #1 (DT) - FC: #4 (D)), 8-PCA - with min eigenvalues 0.010000",
        "GMM classifier (TC: #1 (DT) - FC: #4 (DT)), 8-PCA - with min eigenvalues 0.010000"
    ],
    "working_points": [
        [
            0.5,
            1.0,
            10.0
        ]
    ]
}