{
    "models_error_rates": [
        [
            0.08709761163032192,
            0.05594496365524404,
            0.03764278296988577,
            0.035176531671858746,
            0.044652128764278265,
            0.061266874350986544,
            0.08229491173416403,
            0.1143561786085151,
            0.15381619937694702
        ],
        [
            0.11695223260643817,
            0.07645379023883692,
            0.04867601246105924,
            0.03569574247144336,
            0.03595534787123578,
            0.046988577362409134,
            0.0652907580477674,
            0.08956386292834895,
            0.12292315680166144
        ],
        [
            0.11461578400830741,
            0.07567497403946,
            0.04776739356178605,
            0.03582554517133951,
            0.036344755970924236,
            0.047377985462097594,
            0.06542056074766356,
            0.08995327102803741,
            0.12409138110072693
        ]
    ],
    "models_actual_DCFs": [
        [
            0.46724827500560717,
            0.331242300441826,
            0.19504303610835774,
            0.12738698267294793,
            0.07945701357466063,
            0.11636777571378962,
            0.15999573825432015,
            0.23154454992495457,
            0.291098366274462
        ],
        [
            0.4544334842128872,
            0.3195610505863742,
            0.20702505979343777,
            0.12330385490003264,
            0.07389705882352941,
            0.1135662398874313,
            0.16419976159262464,
            0.2282557389145812,
            0.3364693403116029
        ],
        [
            0.44693348421288726,
            0.3170610505863742,
            0.2041083931267711,
            0.12381635147402567,
            0.07469079939668175,
            0.1141318507471598,
            0.1643882985458675,
            0.2288213497743097,
            0.33816617289078843
        ]
    ],
    "models_min_DCFs": [
        [
            0.44271884429972114,
            0.3020979165221185,
            0.18960104202962771,
            0.11883706489711517,
            0.07200226244343891,
            0.10940446982541302,
            0.14918495921157382,
            0.22109133469135345,
            0.27287402397181326
        ],
        [
            0.43610015087955395,
            0.2985322462008399,
            0.18917171165692945,
            0.11852043934253209,
            0.07155731523378582,
            0.1122269412877852,
            0.15088378237599498,
            0.2144925413278542,
            0.28010217035694734
        ],
        [
            0.4325210219327757,
            0.29307871359842896,
            0.1920883783235961,
            0.11778293591652512,
            0.07160633484162895,
            0.11184707596316434,
            0.15069524542275214,
            0.21505815218758267,
            0.2767085051985763
        ]
    ],
    "bayes_error_plot_values": [
        {
            "prior_log_odds": [
                -4,
                -3,
                -2,
                -1,
                0,
                1,
                2,
                3,
                4
            ],
            "actual_DCFs": [
                0.46724827500560717,
                0.331242300441826,
                0.19504303610835774,
                0.12738698267294793,
                0.07945701357466063,
                0.11636777571378962,
                0.15999573825432015,
                0.23154454992495457,
                0.291098366274462
            ],
            "min_DCFs": [
                0.44271884429972114,
                0.3020979165221185,
                0.18960104202962771,
                0.11883706489711517,
                0.07200226244343891,
                0.10940446982541302,
                0.14918495921157382,
                0.22109133469135345,
                0.27287402397181326
            ]
        },
        {
            "prior_log_odds": [
                -4,
                -3,
                -2,
                -1,
                0,
                1,
                2,
                3,
                4
            ],
            "actual_DCFs": [
                0.4544334842128872,
                0.3195610505863742,
                0.20702505979343777,
                0.12330385490003264,
                0.07389705882352941,
                0.1135662398874313,
                0.16419976159262464,
                0.2282557389145812,
                0.3364693403116029
            ],
            "min_DCFs": [
                0.43610015087955395,
                0.2985322462008399,
                0.18917171165692945,
                0.11852043934253209,
                0.07155731523378582,
                0.1122269412877852,
                0.15088378237599498,
                0.2144925413278542,
                0.28010217035694734
            ]
        },
        {
            "prior_log_odds": [
                -4,
                -3,
                -2,
                -1,
                0,
                1,
                2,
                3,
                4
            ],
            "actual_DCFs": [
                0.44693348421288726,
                0.3170610505863742,
                0.2041083931267711,
                0.12381635147402567,
                0.07469079939668175,
                0.1141318507471598,
                0.1643882985458675,
                0.2288213497743097,
                0.33816617289078843
            ],
            "min_DCFs": [
                0.4325210219327757,
                0.29307871359842896,
                0.1920883783235961,
                0.11778293591652512,
                0.07160633484162895,
                0.11184707596316434,
                0.15069524542275214,
                0.21505815218758267,
                0.2767085051985763
            ]
        }
    ],
    "classifiers": [
        "GMM classifier (TC: #1 - FC: #4) - with min eigenvalues 0.010000 - score calibration (pi=0.200000)",
        "Fusion: GMM classifier (TC: #1 - FC: #4) - with min eigenvalues 0.010000, Binary Logistic Regression Classifier (\u03bb=0.0001, 6-PCA, 2D feature exp.) - class rebalancing (pi_1 = 0.200000)",
        "Fusion: GMM classifier (TC: #1 - FC: #4) - with min eigenvalues 0.010000, Poly (d=2, c=1.0) Support Vector Machine Classifier (c=0.01, k=1.0, Z-norm, 8-PCA), Binary Logistic Regression Classifier (\u03bb=0.0001, 6-PCA, 2D feature exp.) - class rebalancing (pi_1 = 0.200000)"
    ],
    "working_points": [
        [
            0.01798620996209156,
            1.0,
            1.0
        ],
        [
            0.04742587317756678,
            1.0,
            1.0
        ],
        [
            0.11920292202211755,
            1.0,
            1.0
        ],
        [
            0.2689414213699951,
            1.0,
            1.0
        ],
        [
            0.5,
            1.0,
            1.0
        ],
        [
            0.7310585786300049,
            1.0,
            1.0
        ],
        [
            0.8807970779778823,
            1.0,
            1.0
        ],
        [
            0.9525741268224334,
            1.0,
            1.0
        ],
        [
            0.9820137900379085,
            1.0,
            1.0
        ]
    ]
}