{
    "models_error_rates": [
        [
            0.05419354838709678
        ],
        [
            0.05978494623655917
        ],
        [
            0.05247311827956991
        ],
        [
            0.05591397849462365
        ],
        [
            0.05419354838709678
        ],
        [
            0.05978494623655917
        ],
        [
            0.05247311827956991
        ],
        [
            0.05591397849462365
        ],
        [
            0.061075268817204265
        ],
        [
            0.06580645161290322
        ],
        [
            0.056774193548387086
        ],
        [
            0.058064516129032295
        ],
        [
            0.061075268817204265
        ],
        [
            0.06580645161290322
        ],
        [
            0.056774193548387086
        ],
        [
            0.058064516129032295
        ]
    ],
    "models_actual_DCFs": [
        [
            0.25834016393442627
        ],
        [
            0.27989754098360653
        ],
        [
            0.28518442622950824
        ],
        [
            0.3004918032786885
        ],
        [
            0.25834016393442627
        ],
        [
            0.27989754098360653
        ],
        [
            0.28518442622950824
        ],
        [
            0.3004918032786885
        ],
        [
            0.28364754098360656
        ],
        [
            0.3027049180327869
        ],
        [
            0.29237704918032786
        ],
        [
            0.3014344262295082
        ],
        [
            0.28364754098360656
        ],
        [
            0.3027049180327869
        ],
        [
            0.29237704918032786
        ],
        [
            0.3014344262295082
        ]
    ],
    "models_min_DCFs": [
        [
            0.25209016393442624
        ],
        [
            0.2646106557377049
        ],
        [
            0.2730122950819672
        ],
        [
            0.28084016393442623
        ],
        [
            0.25209016393442624
        ],
        [
            0.2646106557377049
        ],
        [
            0.2730122950819672
        ],
        [
            0.28084016393442623
        ],
        [
            0.28364754098360656
        ],
        [
            0.2902459016393443
        ],
        [
            0.27364754098360655
        ],
        [
            0.2839549180327869
        ],
        [
            0.28364754098360656
        ],
        [
            0.2902459016393443
        ],
        [
            0.27364754098360655
        ],
        [
            0.2839549180327869
        ]
    ],
    "classifiers": [
        "GMM classifier (TC: #1 - FC: #4) - with min eigenvalues 0.010000",
        "GMM classifier (TC: #1 - FC: #4 (T)) - with min eigenvalues 0.010000",
        "GMM classifier (TC: #1 - FC: #4 (D)) - with min eigenvalues 0.010000",
        "GMM classifier (TC: #1 - FC: #4 (DT)) - with min eigenvalues 0.010000",
        "GMM classifier (TC: #1 (T) - FC: #4) - with min eigenvalues 0.010000",
        "GMM classifier (TC: #1 (T) - FC: #4 (T)) - with min eigenvalues 0.010000",
        "GMM classifier (TC: #1 (T) - FC: #4 (D)) - with min eigenvalues 0.010000",
        "GMM classifier (TC: #1 (T) - FC: #4 (DT)) - with min eigenvalues 0.010000",
        "GMM classifier (TC: #1 (D) - FC: #4) - with min eigenvalues 0.010000",
        "GMM classifier (TC: #1 (D) - FC: #4 (T)) - with min eigenvalues 0.010000",
        "GMM classifier (TC: #1 (D) - FC: #4 (D)) - with min eigenvalues 0.010000",
        "GMM classifier (TC: #1 (D) - FC: #4 (DT)) - with min eigenvalues 0.010000",
        "GMM classifier (TC: #1 (DT) - FC: #4) - with min eigenvalues 0.010000",
        "GMM classifier (TC: #1 (DT) - FC: #4 (T)) - with min eigenvalues 0.010000",
        "GMM classifier (TC: #1 (DT) - FC: #4 (D)) - with min eigenvalues 0.010000",
        "GMM classifier (TC: #1 (DT) - FC: #4 (DT)) - with min eigenvalues 0.010000"
    ],
    "working_points": [
        [
            0.5,
            1.0,
            10.0
        ]
    ]
}