{
    "models_error_rates": [
        [
            0.34408602150537637
        ],
        [
            0.07870967741935486
        ],
        [
            0.10236559139784951
        ],
        [
            0.14107526881720434
        ],
        [
            0.1926881720430108
        ],
        [
            0.34408602150537637
        ],
        [
            0.04946236559139783
        ],
        [
            0.05720430107526886
        ],
        [
            0.06666666666666665
        ],
        [
            0.07999999999999996
        ]
    ],
    "models_actual_DCFs": [
        [
            1.0
        ],
        [
            0.7754098360655737
        ],
        [
            0.8017008196721311
        ],
        [
            1.2379508196721312
        ],
        [
            1.6904713114754097
        ],
        [
            1.0
        ],
        [
            0.41973360655737707
        ],
        [
            0.5377663934426229
        ],
        [
            0.6873360655737705
        ],
        [
            0.8375409836065573
        ]
    ],
    "models_min_DCFs": [
        [
            1.0
        ],
        [
            0.5188114754098361
        ],
        [
            0.6388319672131147
        ],
        [
            0.8193647540983606
        ],
        [
            0.8989344262295083
        ],
        [
            1.0
        ],
        [
            0.31112704918032785
        ],
        [
            0.33549180327868855
        ],
        [
            0.46295081967213114
        ],
        [
            0.5388114754098361
        ]
    ],
    "classifiers": [
        "Poly (d=3, c=1.0) Support Vector Machine Classifier (c=0, k=1.0, 8-PCA)",
        "Poly (d=3, c=1.0) Support Vector Machine Classifier (c=0.001, k=1.0, 8-PCA)",
        "Poly (d=3, c=1.0) Support Vector Machine Classifier (c=0.01, k=1.0, 8-PCA)",
        "Poly (d=3, c=1.0) Support Vector Machine Classifier (c=0.1, k=1.0, 8-PCA)",
        "Poly (d=3, c=1.0) Support Vector Machine Classifier (c=1.0, k=1.0, 8-PCA)",
        "Poly (d=3, c=1.0) Support Vector Machine Classifier (c=0, k=1.0, Z-norm, 8-PCA)",
        "Poly (d=3, c=1.0) Support Vector Machine Classifier (c=0.001, k=1.0, Z-norm, 8-PCA)",
        "Poly (d=3, c=1.0) Support Vector Machine Classifier (c=0.01, k=1.0, Z-norm, 8-PCA)",
        "Poly (d=3, c=1.0) Support Vector Machine Classifier (c=0.1, k=1.0, Z-norm, 8-PCA)",
        "Poly (d=3, c=1.0) Support Vector Machine Classifier (c=1.0, k=1.0, Z-norm, 8-PCA)"
    ],
    "working_points": [
        [
            0.5,
            1.0,
            10.0
        ]
    ]
}