{
    "models_error_rates": [
        [
            0.12086021505376343,
            0.07913978494623652,
            0.053333333333333344,
            0.04344086021505378,
            0.044731182795698876,
            0.05591397849462365,
            0.07483870967741935,
            0.10580645161290325,
            0.14193548387096777
        ],
        [
            0.11827956989247312,
            0.07698924731182799,
            0.053333333333333344,
            0.04559139784946231,
            0.04559139784946231,
            0.05591397849462365,
            0.07311827956989247,
            0.10365591397849461,
            0.14193548387096777
        ],
        [
            0.11655913978494625,
            0.07741935483870965,
            0.053763440860215006,
            0.047311827956989294,
            0.044731182795698876,
            0.056774193548387086,
            0.07440860215053768,
            0.10580645161290325,
            0.14193548387096777
        ]
    ],
    "models_actual_DCFs": [
        [
            0.5240103279775221,
            0.3968918143768048,
            0.2340962191321143,
            0.1491466351631075,
            0.08364754098360655,
            0.12089339118786933,
            0.14842069033071878,
            0.16131147540983606,
            0.21639344262295082
        ],
        [
            0.5165103279775222,
            0.3787209704927473,
            0.23050093644429095,
            0.15646159493813577,
            0.0855532786885246,
            0.12089339118786933,
            0.15437832192979192,
            0.1580327868852459,
            0.21639344262295082
        ],
        [
            0.511510327977522,
            0.37997097049274736,
            0.2353462191321143,
            0.1619940748256499,
            0.08424180327868852,
            0.12220486659770538,
            0.156345535044546,
            0.21021384230796933,
            0.21639344262295082
        ]
    ],
    "models_min_DCFs": [
        [
            0.505,
            0.35094590718840235,
            0.22081037106864418,
            0.14379919550056514,
            0.07788934426229507,
            0.10581142397475458,
            0.13530593623235812,
            0.14754098360655737,
            0.14754098360655737
        ],
        [
            0.495,
            0.3596959071884024,
            0.2258103710686442,
            0.14472439662542386,
            0.07973360655737705,
            0.10777863708950866,
            0.1458537317658575,
            0.1580327868852459,
            0.1580327868852459
        ],
        [
            0.48,
            0.3674709704927474,
            0.2222150883808208,
            0.14882183628796622,
            0.07913934426229507,
            0.10920927626032838,
            0.1510436411503909,
            0.17114754098360654,
            0.17114754098360654
        ]
    ],
    "bayes_error_plot_values": [
        {
            "prior_log_odds": [
                -4,
                -3,
                -2,
                -1,
                0,
                1,
                2,
                3,
                4
            ],
            "actual_DCFs": [
                0.5240103279775221,
                0.3968918143768048,
                0.2340962191321143,
                0.1491466351631075,
                0.08364754098360655,
                0.12089339118786933,
                0.14842069033071878,
                0.16131147540983606,
                0.21639344262295082
            ],
            "min_DCFs": [
                0.505,
                0.35094590718840235,
                0.22081037106864418,
                0.14379919550056514,
                0.07788934426229507,
                0.10581142397475458,
                0.13530593623235812,
                0.14754098360655737,
                0.14754098360655737
            ]
        },
        {
            "prior_log_odds": [
                -4,
                -3,
                -2,
                -1,
                0,
                1,
                2,
                3,
                4
            ],
            "actual_DCFs": [
                0.5165103279775222,
                0.3787209704927473,
                0.23050093644429095,
                0.15646159493813577,
                0.0855532786885246,
                0.12089339118786933,
                0.15437832192979192,
                0.1580327868852459,
                0.21639344262295082
            ],
            "min_DCFs": [
                0.495,
                0.3596959071884024,
                0.2258103710686442,
                0.14472439662542386,
                0.07973360655737705,
                0.10777863708950866,
                0.1458537317658575,
                0.1580327868852459,
                0.1580327868852459
            ]
        },
        {
            "prior_log_odds": [
                -4,
                -3,
                -2,
                -1,
                0,
                1,
                2,
                3,
                4
            ],
            "actual_DCFs": [
                0.511510327977522,
                0.37997097049274736,
                0.2353462191321143,
                0.1619940748256499,
                0.08424180327868852,
                0.12220486659770538,
                0.156345535044546,
                0.21021384230796933,
                0.21639344262295082
            ],
            "min_DCFs": [
                0.48,
                0.3674709704927474,
                0.2222150883808208,
                0.14882183628796622,
                0.07913934426229507,
                0.10920927626032838,
                0.1510436411503909,
                0.17114754098360654,
                0.17114754098360654
            ]
        }
    ],
    "classifiers": [
        "GMM classifier (TC: #1 - FC: #4) - with min eigenvalues 0.010000 - score calibration (pi=0.200000)",
        "Fusion: GMM classifier (TC: #1 - FC: #4) - with min eigenvalues 0.010000, Binary Logistic Regression Classifier (\u03bb=0.0001, 6-PCA, 2D feature exp.) - class rebalancing (pi_1 = 0.200000)",
        "Fusion: GMM classifier (TC: #1 - FC: #4) - with min eigenvalues 0.010000, Poly (d=2, c=1.0) Support Vector Machine Classifier (c=0.01, k=1.0, Z-norm, 8-PCA), Binary Logistic Regression Classifier (\u03bb=0.0001, 6-PCA, 2D feature exp.) - class rebalancing (pi_1 = 0.200000)"
    ],
    "working_points": [
        [
            0.01798620996209156,
            1.0,
            1.0
        ],
        [
            0.04742587317756678,
            1.0,
            1.0
        ],
        [
            0.11920292202211755,
            1.0,
            1.0
        ],
        [
            0.2689414213699951,
            1.0,
            1.0
        ],
        [
            0.5,
            1.0,
            1.0
        ],
        [
            0.7310585786300049,
            1.0,
            1.0
        ],
        [
            0.8807970779778823,
            1.0,
            1.0
        ],
        [
            0.9525741268224334,
            1.0,
            1.0
        ],
        [
            0.9820137900379085,
            1.0,
            1.0
        ]
    ]
}