{
    "models_error_rates": [
        [
            0.10752688172043012,
            0.07311827956989247,
            0.05161290322580647,
            0.046021505376344085,
            0.044731182795698876,
            0.05720430107526886,
            0.0726881720430107,
            0.10150537634408607,
            0.1389247311827957
        ],
        [
            0.044731182795698876,
            0.044731182795698876,
            0.044731182795698876,
            0.044731182795698876,
            0.044731182795698876,
            0.044731182795698876,
            0.044731182795698876,
            0.044731182795698876,
            0.044731182795698876
        ],
        [
            0.11913978494623656,
            0.0795698924731183,
            0.05892473118279573,
            0.044731182795698876,
            0.04688172043010752,
            0.062365591397849474,
            0.08645161290322578,
            0.11612903225806448,
            0.15827956989247316
        ]
    ],
    "models_actual_DCFs": [
        [
            0.5198123935730264,
            0.39131265826086237,
            0.23628678450776106,
            0.16090647426322055,
            0.08186475409836065,
            0.12011848972196763,
            0.14514200180612863,
            0.15475409836065573,
            0.21180327868852458
        ],
        [
            1.8230512141797164,
            0.7141213503188168,
            0.3061688517033455,
            0.15609151448819228,
            0.10088114754098361,
            0.219013023247543,
            0.5401287543424652,
            1.4130118110101404,
            3.7857539623196526
        ],
        [
            0.5535623935730265,
            0.3862209704927474,
            0.26472734988340785,
            0.15396159493813577,
            0.08989754098360656,
            0.14169791508426294,
            0.20044793803848676,
            0.29930509757320206,
            0.44408732491937297
        ]
    ],
    "models_min_DCFs": [
        [
            0.47124999999999995,
            0.33661675107245986,
            0.2195603710686442,
            0.14273423572553687,
            0.07842213114754099,
            0.10646716167967261,
            0.13924036246186633,
            0.15147540983606558,
            0.15147540983606558
        ],
        [
            0.5194582623820176,
            0.3851543460289773,
            0.23721508838082075,
            0.15146159493813577,
            0.09090163934426229,
            0.13454471923016437,
            0.2018713979579445,
            0.3053956252845637,
            0.46698717836154924
        ],
        [
            0.455,
            0.3612209704927474,
            0.2529886749417039,
            0.15037399437570642,
            0.08584016393442623,
            0.13663109610590213,
            0.18716520717569354,
            0.2665182123273004,
            0.33114754098360655
        ]
    ],
    "bayes_error_plot_values": [
        {
            "prior_log_odds": [
                -4,
                -3,
                -2,
                -1,
                0,
                1,
                2,
                3,
                4
            ],
            "actual_DCFs": [
                0.5198123935730264,
                0.39131265826086237,
                0.23628678450776106,
                0.16090647426322055,
                0.08186475409836065,
                0.12011848972196763,
                0.14514200180612863,
                0.15475409836065573,
                0.21180327868852458
            ],
            "min_DCFs": [
                0.47124999999999995,
                0.33661675107245986,
                0.2195603710686442,
                0.14273423572553687,
                0.07842213114754099,
                0.10646716167967261,
                0.13924036246186633,
                0.15147540983606558,
                0.15147540983606558
            ]
        },
        {
            "prior_log_odds": [
                -4,
                -3,
                -2,
                -1,
                0,
                1,
                2,
                3,
                4
            ],
            "actual_DCFs": [
                1.8230512141797164,
                0.7141213503188168,
                0.3061688517033455,
                0.15609151448819228,
                0.10088114754098361,
                0.219013023247543,
                0.5401287543424652,
                1.4130118110101404,
                3.7857539623196526
            ],
            "min_DCFs": [
                0.5194582623820176,
                0.3851543460289773,
                0.23721508838082075,
                0.15146159493813577,
                0.09090163934426229,
                0.13454471923016437,
                0.2018713979579445,
                0.3053956252845637,
                0.46698717836154924
            ]
        },
        {
            "prior_log_odds": [
                -4,
                -3,
                -2,
                -1,
                0,
                1,
                2,
                3,
                4
            ],
            "actual_DCFs": [
                0.5535623935730265,
                0.3862209704927474,
                0.26472734988340785,
                0.15396159493813577,
                0.08989754098360656,
                0.14169791508426294,
                0.20044793803848676,
                0.29930509757320206,
                0.44408732491937297
            ],
            "min_DCFs": [
                0.455,
                0.3612209704927474,
                0.2529886749417039,
                0.15037399437570642,
                0.08584016393442623,
                0.13663109610590213,
                0.18716520717569354,
                0.2665182123273004,
                0.33114754098360655
            ]
        }
    ],
    "classifiers": [
        "GMM classifier (TC: #1 - FC: #4) - with min eigenvalues 0.010000",
        "Poly (d=2, c=1.0) Support Vector Machine Classifier (c=0.01, k=1.0, Z-norm, 8-PCA)",
        "Binary Logistic Regression Classifier (\u03bb=0.0001, 6-PCA, 2D feature exp.) - class rebalancing (pi_1 = 0.200000)"
    ],
    "working_points": [
        [
            0.01798620996209156,
            1.0,
            1.0
        ],
        [
            0.04742587317756678,
            1.0,
            1.0
        ],
        [
            0.11920292202211755,
            1.0,
            1.0
        ],
        [
            0.2689414213699951,
            1.0,
            1.0
        ],
        [
            0.5,
            1.0,
            1.0
        ],
        [
            0.7310585786300049,
            1.0,
            1.0
        ],
        [
            0.8807970779778823,
            1.0,
            1.0
        ],
        [
            0.9525741268224334,
            1.0,
            1.0
        ],
        [
            0.9820137900379085,
            1.0,
            1.0
        ]
    ]
}