{
    "models_error_rates": [
        [
            0.12086021505376343,
            0.07913978494623652,
            0.053333333333333344,
            0.04344086021505378,
            0.044731182795698876,
            0.05591397849462365,
            0.07483870967741935,
            0.10580645161290325,
            0.14193548387096777
        ],
        [
            0.13118279569892477,
            0.09118279569892473,
            0.0619354838709677,
            0.04688172043010752,
            0.049032258064516165,
            0.06537634408602155,
            0.10021505376344086,
            0.14537634408602151,
            0.22580645161290325
        ],
        [
            0.13032258064516133,
            0.08860215053763443,
            0.05978494623655917,
            0.044301075268817214,
            0.047311827956989294,
            0.06494623655913978,
            0.09204301075268817,
            0.12774193548387092,
            0.173763440860215
        ]
    ],
    "models_actual_DCFs": [
        [
            0.5240103279775221,
            0.3968918143768048,
            0.2340962191321143,
            0.1491466351631075,
            0.08364754098360655,
            0.12089339118786933,
            0.14842069033071878,
            0.16131147540983606,
            0.21639344262295082
        ],
        [
            0.5194582623820176,
            0.43189181437680485,
            0.24471508838082076,
            0.1591466351631075,
            0.09377049180327869,
            0.1408038498573776,
            0.21285096217711852,
            0.3683464449566949,
            0.47944619475499184
        ],
        [
            0.5860623935730265,
            0.4124709704927473,
            0.260036784507761,
            0.15058167538807926,
            0.09055327868852459,
            0.14289022673311533,
            0.18323078094618536,
            0.26810764870785564,
            0.4001019324599099
        ]
    ],
    "models_min_DCFs": [
        [
            0.505,
            0.35094590718840235,
            0.22081037106864418,
            0.14379919550056514,
            0.07788934426229507,
            0.10581142397475458,
            0.13530593623235812,
            0.14754098360655737,
            0.14754098360655737
        ],
        [
            0.5194582623820176,
            0.38640434602897733,
            0.23971508838082078,
            0.15092911505062165,
            0.09180327868852459,
            0.13573703087901678,
            0.1999041848431904,
            0.31260874003866207,
            0.45785781672265163
        ],
        [
            0.4675,
            0.3662209704927474,
            0.2551915018199377,
            0.1487991955005651,
            0.08584016393442623,
            0.13990978463049228,
            0.1819193055363493,
            0.26127231068795614,
            0.3324590163934426
        ]
    ],
    "bayes_error_plot_values": [
        {
            "prior_log_odds": [
                -4,
                -3,
                -2,
                -1,
                0,
                1,
                2,
                3,
                4
            ],
            "actual_DCFs": [
                0.5240103279775221,
                0.3968918143768048,
                0.2340962191321143,
                0.1491466351631075,
                0.08364754098360655,
                0.12089339118786933,
                0.14842069033071878,
                0.16131147540983606,
                0.21639344262295082
            ],
            "min_DCFs": [
                0.505,
                0.35094590718840235,
                0.22081037106864418,
                0.14379919550056514,
                0.07788934426229507,
                0.10581142397475458,
                0.13530593623235812,
                0.14754098360655737,
                0.14754098360655737
            ]
        },
        {
            "prior_log_odds": [
                -4,
                -3,
                -2,
                -1,
                0,
                1,
                2,
                3,
                4
            ],
            "actual_DCFs": [
                0.5194582623820176,
                0.43189181437680485,
                0.24471508838082076,
                0.1591466351631075,
                0.09377049180327869,
                0.1408038498573776,
                0.21285096217711852,
                0.3683464449566949,
                0.47944619475499184
            ],
            "min_DCFs": [
                0.5194582623820176,
                0.38640434602897733,
                0.23971508838082078,
                0.15092911505062165,
                0.09180327868852459,
                0.13573703087901678,
                0.1999041848431904,
                0.31260874003866207,
                0.45785781672265163
            ]
        },
        {
            "prior_log_odds": [
                -4,
                -3,
                -2,
                -1,
                0,
                1,
                2,
                3,
                4
            ],
            "actual_DCFs": [
                0.5860623935730265,
                0.4124709704927473,
                0.260036784507761,
                0.15058167538807926,
                0.09055327868852459,
                0.14289022673311533,
                0.18323078094618536,
                0.26810764870785564,
                0.4001019324599099
            ],
            "min_DCFs": [
                0.4675,
                0.3662209704927474,
                0.2551915018199377,
                0.1487991955005651,
                0.08584016393442623,
                0.13990978463049228,
                0.1819193055363493,
                0.26127231068795614,
                0.3324590163934426
            ]
        }
    ],
    "classifiers": [
        "GMM classifier (TC: #1 - FC: #4) - with min eigenvalues 0.010000 - score calibration (pi=0.200000)",
        "Poly (d=2, c=1.0) Support Vector Machine Classifier (c=0.01, k=1.0, Z-norm, 8-PCA) with score calibration (pi=0.200000)",
        "Binary Logistic Regression Classifier (\u03bb=0.0001, 6-PCA, 2D feature exp.) - class rebalancing (pi_1 = 0.200000) with score calibration (pi=0.200000)"
    ],
    "working_points": [
        [
            0.01798620996209156,
            1.0,
            1.0
        ],
        [
            0.04742587317756678,
            1.0,
            1.0
        ],
        [
            0.11920292202211755,
            1.0,
            1.0
        ],
        [
            0.2689414213699951,
            1.0,
            1.0
        ],
        [
            0.5,
            1.0,
            1.0
        ],
        [
            0.7310585786300049,
            1.0,
            1.0
        ],
        [
            0.8807970779778823,
            1.0,
            1.0
        ],
        [
            0.9525741268224334,
            1.0,
            1.0
        ],
        [
            0.9820137900379085,
            1.0,
            1.0
        ]
    ]
}