{
    "models_error_rates": [
        [
            0.05935483870967739
        ],
        [
            0.06967741935483873
        ],
        [
            0.06666666666666665
        ],
        [
            0.05892473118279573
        ],
        [
            0.05892473118279573
        ],
        [
            0.05849462365591396
        ],
        [
            0.06365591397849457
        ]
    ],
    "models_actual_DCFs": [
        [
            0.2680327868852459
        ],
        [
            0.29272540983606554
        ],
        [
            0.30520491803278693
        ],
        [
            0.2667827868852459
        ],
        [
            0.2667827868852459
        ],
        [
            0.26022540983606557
        ],
        [
            0.28584016393442624
        ]
    ],
    "models_min_DCFs": [
        [
            0.25334016393442627
        ],
        [
            0.2705327868852459
        ],
        [
            0.28024590163934426
        ],
        [
            0.2530327868852459
        ],
        [
            0.2542827868852459
        ],
        [
            0.25647540983606554
        ],
        [
            0.2780532786885246
        ]
    ],
    "classifiers": [
        "GMM classifier (TC: #1 - FC: #4) - with min eigenvalues 0.010000 - score calibration (pi=0.200000)",
        "Poly (d=2, c=1.0) Support Vector Machine Classifier (c=0.01, k=1.0, Z-norm, 8-PCA) with score calibration (pi=0.200000)",
        "Binary Logistic Regression Classifier (\u03bb=0.0001, 6-PCA, 2D feature exp.) - class rebalancing (pi_1 = 0.200000) with score calibration (pi=0.200000)",
        "Fusion: GMM classifier (TC: #1 - FC: #4) - with min eigenvalues 0.010000, Poly (d=2, c=1.0) Support Vector Machine Classifier (c=0.01, k=1.0, Z-norm, 8-PCA), Binary Logistic Regression Classifier (\u03bb=0.0001, 6-PCA, 2D feature exp.) - class rebalancing (pi_1 = 0.200000)",
        "Fusion: GMM classifier (TC: #1 - FC: #4) - with min eigenvalues 0.010000, Poly (d=2, c=1.0) Support Vector Machine Classifier (c=0.01, k=1.0, Z-norm, 8-PCA)",
        "Fusion: GMM classifier (TC: #1 - FC: #4) - with min eigenvalues 0.010000, Binary Logistic Regression Classifier (\u03bb=0.0001, 6-PCA, 2D feature exp.) - class rebalancing (pi_1 = 0.200000)",
        "Fusion: Poly (d=2, c=1.0) Support Vector Machine Classifier (c=0.01, k=1.0, Z-norm, 8-PCA), Binary Logistic Regression Classifier (\u03bb=0.0001, 6-PCA, 2D feature exp.) - class rebalancing (pi_1 = 0.200000)"
    ],
    "working_points": [
        [
            0.5,
            1.0,
            10.0
        ]
    ]
}